,Name,AUC
0,1bhm,0.9457623088147329
1,1cma,0.971424836829723
2,1tc3,0.9268832211685529
